Concertación,Liquidación,Plazo,Deudor,Fondo,Contraparte,Especie,Cantidad,Tasa,Precio,Monto,Tasa Aplicada,Interés,Interés Diario,Ajuste,A Cobrar,Estado,Observaciones,Pasado a vencidos
2024-06-06,2024-06-07,1.0,,Mixta,Citi,TZX26,200000000,0.02,1.8225,364500000.0,5.479452054794521e-05,19972.60273972603,19972.60273972603,-0.002739726030995371,19972.6,Cobrado,Cobro registrado,
2024-07-16,2024-08-26,41.0,,Rdolar,Criteria,ARC1D,500000,0.035,,,0.003931506849315068,,,,,Vencido,,
2024-07-16,2024-08-26,41.0,,Rdolar,Criteria,PNDCD,500000,0.035,,,0.003931506849315068,,,,,Vencido,,
2024-09-27,2024-10-18,21.0,RSC,Renta Dólar,Criteria,ARC1D (82078),140000,,,,,,,,,Vencido,,
2024-09-27,2024-10-18,21.0,RSC,Renta Dólar,Criteria,PNDCO (95806),140000,,,,,,,,,Vencido,,
2024-09-27,2024-10-18,21.0,RSC,Renta Dólar,Criteria,PNMCD (82424),75000,,,,,,,,,Vencido,,
2024-09-27,2024-10-18,21.0,EGESAC,Renta Dólar,Criteria,ARC1D (82078),140000,,,,,,,,,Vencido,,
2024-09-27,2024-10-18,21.0,EGESAC,Renta Dólar,Criteria,PNDCO (95806),140000,,,,,,,,,Vencido,,
2024-09-27,2024-10-18,21.0,EGESAC,Renta Dólar,Criteria,PNMCD (82424),75000,,,,,,,,,Vencido,,
2024-10-18,2024-11-29,42.0,RSC,Renta Dólar,Criteria,BPY6D (9247),990000,,,,,,,,,Vencido,,
2024-10-18,2024-11-29,42.0,EGESAC,Renta Dólar,Criteria,BPY6D (9247),990000,,,,,,,,,Vencido,,
2024-11-14,2024-12-03,19.0,Rowing,Renta Dólar,Criteria,VSCRC (58133),500000,,,,,,,,,Vencido,,
2024-12-05,,,Rowing,Renta Dólar,Parakeet,GD30C (8108),2595941,,,,,,,,,Vencido,,
2024-12-23,2025-01-22,30.0,EGESAC,Renta Dólar,Criteria,GD30C (8108),600000,,,,,,,,,Cancelado,Cancelado,
2024-12-23,2025-01-22,30.0,RSC,Renta Dólar,Criteria,GD30C (8108),600000,,,,,,,,,Cancelado,Cancelado,
2024-12-23,,,Rowing,Gestion,Banco Hipotecario,TZXM5 (9263),5408389179,,,,,,,,,Vencido,,
2025-01-22,2025-02-24,33.0,RSC,Renta Dólar,Criteria,BPD7D (9237),450000,,,,,,,,,Vencido,,
2025-01-22,2025-02-24,33.0,EGESAC,Renta Dólar,Criteria,BPD7D (9237),450000,,,,,,,,,Vencido,,
2025-01-27,2025-02-25,29.0,Rowing,Gestion,Banco Hipotecario,TZXM5 (9263),5408389179,,,,,,,,,Vencido,,
2025-02-25,2025-03-26,29.0,Rowing,Renta Dólar,Criteria,YMCID,210199,,,,,,,,,Vencido,,
2025-02-25,2025-03-26,29.0,Rowing,Renta Dólar,Criteria,YMCJD,400000,,,,,,,,,Vencido,,
2025-03-03,2025-04-02,30.0,Rowing,Renta Dólar,Criteria,BPY6D (9247),1460000,,,,,,,,,Vencido,,
2025-03-03,2025-04-02,30.0,Rowing,Renta Dólar,Criteria,BPD7D (9237),783213,,,,,,,,,Vencido,,
2025-03-10,2025-04-09,30.0,Rowing,Renta Dólar,Options,BPY6D (9247),2430000,,,,,,,,,Vencido,,
2025-04-06,2025-06-05,60.0,Rowing,Gestion,Banco Hipotecario,TX26,200000000,,,,,,,,,Cancelado,CANCELACION ANTICIPADA 12/05/2025,
2025-05-06,2025-05-21,15.0,Industrial Valores,Performance,Industrial Valores,AL30,3500000,,,,,,,,,Vencido,,
2025-07-22,2025-08-21,30.0,Rowing,Renta Dólar,Options,AL30D (5921),1320000,,,,,,,,,Renovado,Renovacion,
2025-07-22,2025-08-21,30.0,Rowing,Gestion,Criteria,TX26 (5925),380000000,,,,,,,,,Renovado,Renovacion,
2025-07-29,2025-10-28,91.0,Ramiro Negro (30645),Capital,Invertir en Bolsa,BPC7D (9236),1630000,0.02,0.96570909,1574105.8167,0.004986301369863014,7848.965990120549,86.25237351780822,0.0040098794515870395,7848.97,Renovado,Renovacion,
2025-07-29,2025-10-28,91.0,Ramiro Negro (30645),Capital,Invertir en Bolsa,BPC7D (9236),1630000,0.02,,,0.004986301369863014,,,,,Renovado,Renovacion,
2025-08-04,2025-08-18,14.0,,Performance,BIND,AL30 (5921),4929000,0.0175,704.5,3472480500.0,0.0006712328767123288,2330843.075342466,166488.79109589042,0.004657533951103687,2330843.08,Renovado,Renovacion,
2025-08-12,2025-09-11,30.0,RSC,Gestion,Criteria,TZXM6 (9257),449360500,0.03,,,0.002465753424657534,,,,,Renovado,Renovacion,2026-09-12
2025-08-12,2025-09-11,30.0,EGESAC,Gestion,Criteria,TZXM6 (9257),449360500,0.03,,,0.002465753424657534,,,,,Renovado,Renovacion,2026-09-12
2025-08-18,2025-08-25,7.0,BIND,Performance,BIND,AL30 (5921),4929000,0.0175,784.9,3868772100.0,0.0003356164383561644,1298423.5130136989,185489.07328767126,-0.003013698849827051,1298423.51,Renovado,Renovacion,
2025-08-21,2025-09-22,32.0,Rowing,Renta Dólar,Options,AL30D (5921),1320000,0.03,,,0.00263013698630137,,,,,Renovado,Renovacion,
2025-08-21,2025-09-22,32.0,Rowing,Gestion,Criteria,TX26 (5925),380000000,0.03,,,0.00263013698630137,,,,,Renovado,Renovacion,2026-09-30
2025-08-25,2025-09-01,7.0,BIND,Performance,BIND,AL30 (5921),4929000,0.0175,795.2,3919540800.0,0.0003356164383561644,1315462.3232876714,187923.18904109593,-0.0032876713667064905,1315462.32,Renovado,Renovacion,
2025-09-01,2025-09-17,16.0,BIND,Performance,BIND,AL30 (5921),4929000,0.0175,,,0.000767123287671233,,,,,Cancelado,Cancelacion,
2025-09-11,2025-10-13,32.0,RSC,Gestion,Criteria,TZXM6 (9257),449360500,0.03,,,0.00263013698630137,,,,,Renovado,Renovacion,2026-10-14
2025-09-11,2025-10-13,32.0,EGESAC,Gestion,Criteria,TZXM6 (9257),449360500,0.03,,,0.00263013698630137,,,,,Renovado,Renovacion,2026-10-14
2025-09-22,2025-10-22,30.0,Rowing,Gestion,Criteria,TX26 (5925),380000000,0.03,,,0.002465753424657534,,,,,Renovado,Renovacion,2026-10-31
2025-09-22,2025-10-22,30.0,Rowing,Renta Dólar,Options,AL30D (5921),1320000,0.03,,,0.002465753424657534,,,,,Renovado,Renovacion,
2025-10-13,2025-11-13,31.0,RSC,Gestion,Criteria,TZXM6 (9257),449360500,0.03,,,0.002547945205479452,,,,,Renovado,Renovacion,2026-11-14
2025-10-13,2025-11-13,31.0,EGESAC,Gestion,Criteria,TZXM6 (9257),449360500,0.03,,,0.002547945205479452,,,,,Renovado,Renovacion,2026-11-14
2025-10-23,2025-11-05,13.0,Rowing,Gestion,Criteria,TX26 (5925),380000000,0.03,,,0.0010684931506849315,,,,,Renovado,Renovacion,2026-11-28
2025-10-23,2025-11-22,30.0,Rowing,Renta Dólar,Options,AL30D (5921),1320000,0.03,,,0.002465753424657534,,,,,Renovado,Renovacion,
2025-10-28,2026-01-28,92.0,Ramiro Negro (30645),Capital,Invertir en Bolsa,BPC7D (9236),1630000,0.02,0.996555543,1624385.5350900001,0.005041095890410959,8188.683245385207,89.00742658027399,-0.0032453852063554223,8188.68,Renovado,Renovacion,
2025-11-03,2025-12-03,30.0,Rowing,Gestion,Options,TTM26 (9319),5750000000,0.03,,,0.002465753424657534,,,,,Renovado,Renovacion,2026-12-30
2025-11-13,2025-12-15,32.0,EGESAC,Gestion,Criteria,TZXM6 (9257),449360500,0.03,,,0.00263013698630137,,,,,Renovado,Renovacion,2026-12-16
2025-11-13,2025-12-15,32.0,RSC,Gestion,Criteria,TZXM6 (9257),449360500,0.03,,,0.00263013698630137,,,,,Renovado,Renovacion,2026-12-16
2025-11-26,2025-12-26,30.0,Rowing,Renta Dólar,Options,AL30D (5921),1320000,0.03,,,0.002465753424657534,,,,,Cancelado,CANCELACION ANTICIPADA 18/12/2025,
2025-12-03,2026-01-05,33.0,Rowing,Gestion,Option,TTM26 (9319),5750000000,0.03,,,0.0027123287671232876,,,,,Renovado,Renovacion,2026-01-29
2025-12-15,2026-01-15,31.0,RSC,Gestion,Criteria,TZXM6 (9257),449360500,0.03,,,0.002547945205479452,,,,,Renovado,Renovacion,2026-01-16
2025-12-15,2026-01-15,31.0,EGESAC,Gestion,Criteria,TZXM6 (9257),449360500,0.03,,,0.002547945205479452,,,,,Renovado,Renovacion,2026-01-16
2026-01-05,2026-02-05,31.0,Rowing,Gestion,Option,TTM26 (9319),5750000000,0.03,,,0.002547945205479452,,,,,Renovado,Renovacion,2026-02-27
2026-01-15,2026-02-16,32.0,RSC,Gestion,Criteria,TZXM6 (9257),449360500,0.03,,,0.00263013698630137,,,,,Renovado,Renovacion,2026-02-24
2026-01-15,2026-02-16,32.0,EGESAC,Gestion,Criteria,TZXM6 (9257),449360500,0.03,,,0.00263013698630137,,,,,Renovado,Renovacion,2026-02-24
2026-01-28,2026-04-28,90.0,Ramiro Negro (30645),Capital,Invertir en Bolsa,BPC7D (9236),1630000,0.02,1.03462564,1686439.7932,0.004931506849315068,8316.689391123287,92.40765990136985,0.0006088767131586792,8316.69,Renovado,Renovacion,
2026-02-05,2026-03-05,28.0,Rowing,Gestion,Option,TTM26 (9319),5750000000,0.03,,,0.0023013698630136984,,,,,Cancelado,Cancelado,2026-03-31
2026-02-16,2026-03-18,30.0,RSC,Gestion,Criteria,TZXM6 (9257),449360500,0.03,,,0.002465753424657534,,,,,Cancelado,Cancelado,2026-03-20
2026-02-16,2026-03-18,30.0,EGESAC,Gestion,Criteria,TZXM6 (9257),449360500,0.03,,,0.002465753424657534,,,,,Cancelado,Cancelado,2026-03-20
2026-03-04,2026-04-06,33.0,Rowing,Gestion,Option,TTS26 (9321),1400000,0.03,,,0.0027123287671232876,,,,,Cancelado,Cancelado,2026-05-28
2026-03-04,2026-04-06,33.0,Rowing,Gestion,Option,TTSJ6 (9320),4000000,0.03,,,0.0027123287671232876,,,,,Cancelado,Cancelado,2026-05-28
2026-04-06,2026-05-06,30.0,Rowing,Gestion,Option,TTS26 (9321),1400000,0.03,,,0.002465753424657534,,,,,Renovado,Renovacion,2026-05-28
2026-04-06,2026-05-06,30.0,Rowing,Gestion,Option,TTSJ6 (9320),4000000,0.03,,,0.002465753424657534,,,,,Renovado,Renovacion,2026-05-28
2026-04-28,2026-07-28,91.0,Ramiro Negro (30645),Capital,Invertir en Bolsa,BPC7D (9236),1630000,0.02,1.0300506,1678982.4780000001,0.004986301369863014,8371.912630027398,91.99903989041097,-0.002630027398481616,8371.91,Renovado,Renovacion,2026-08-04
2026-05-07,2026-06-08,32.0,Rowing,Gestion,Option,TTS26 (9321),1400000,0.03,,,0.00263013698630137,,,,,Renovado,Renovacion,2026-06-30
2026-05-07,2026-06-08,32.0,Rowing,Gestion,Option,TTJ6 (9320),4000000,0.03,,,0.00263013698630137,,,,,Renovado,Renovacion,2026-06-30
2026-06-08,2026-06-22,14.0,Rowing,Gestion,Option,TTJ26 (9320),4000000,0.03,,,0.0011506849315068492,,,,,Cancelado,Cancelado,2026-06-30
2026-06-22,2026-07-21,29.0,Rowing,Gestion,Option,TTD26 (9323),3016393349,0.03,,,0.0023835616438356165,,,,,Renovado,Renovacion,2026-07-30
2026-06-22,2026-07-21,29.0,Rowing,Gestion,Option,TTS26 (9321),2500000000,0.03,,,0.0023835616438356165,,,,,Renovado,Renovacion,2026-07-30
2026-07-21,2026-08-21,31.0,Rowing,Gestion,Option,TTD26 (9323),3016393349,0.03,,,0.002547945205479452,,,,,Renovado,Renovacion,2026-08-31
2026-07-28,2026-10-28,92.0,Ramiro Negro (30645),Capital,Invertir en Bolsa,BPC7D (9236),1630000,0.02,,,0.005041095890410959,,,,,Vigente,,
2026-08-07,2026-09-09,33.0,Rowing,Gestion,Option,TTS26 (9321),2500000000,0.03,,,0.0027123287671232876,,,,,Cancelado,Cancelado FALTA PAGO,
2026-08-21,2026-09-20,30.0,Rowing,Gestion,Option,TTD26 (9323),3016393349,0.03,,,0.002465753424657534,,,,,Cancelado,Cancelado FALTA PAGO,
2026-09-04,2026-10-05,31.0,EGESAC,Gestion,Criteria,TMVE8 (9424),1700000,0.03,,,0.002547945205479452,,,,,Vigente,,
2026-09-04,2026-10-05,31.0,RSC,Gestion,Criteria,TMVE8 (9424),1700000,0.03,,,0.002547945205479452,,,,,Vigente,,
